squadra,nome,id_fantacalcio,status,note,gerarchia_portiere
Atalanta,Carnesecchi,4431,TITOLARE,"SOS Fanta gerarchia portieri 2026/27: primo. Gerarchia chiara e definita, è rimasta invariata rispetto all'anno scorso. Carnesecchi è il primo portiere, il vice è Sportiello e a completare il terzetto c'è il giovane Vismara.",PRIMO
Atalanta,Bellanova,,BALLOTTAGGIO,"Probabile XI; ballottaggio con Zappacosta. Fantacalcio.it probabili 2026/27, agg. 23/08/2026 09:40",
Atalanta,Kristensen,6485,TITOLARE,SOS Fanta guida difensori 2026/27: atteso titolare accanto a Scalvini dopo l'investimento. Fonte utente.,
Atalanta,Scalvini,,TITOLARE,"Probabile XI senza ballottaggio esplicito. Fantacalcio.it probabili 2026/27, agg. 23/08/2026 09:40",
Atalanta,Bernasconi,7219,TITOLARE,"Si gioca il posto a sinistra con Ahanor. SOS Fanta guida 2026/27, pag. 2.",
Atalanta,Samardzic,,BALLOTTAGGIO,"Probabile XI; ballottaggio con Pasalic. Fantacalcio.it probabili 2026/27, agg. 23/08/2026 09:40",
Atalanta,Gaetano,,TITOLARE,"Probabile XI senza ballottaggio esplicito. Fantacalcio.it probabili 2026/27, agg. 23/08/2026 09:40",
Atalanta,Ederson,5792,TITOLARE,"Probabile XI senza ballottaggio esplicito. Fantacalcio.it probabili 2026/27, agg. 23/08/2026 09:40",
Atalanta,De Ketelaere,,TITOLARE,"Probabile XI senza ballottaggio esplicito. Fantacalcio.it probabili 2026/27, agg. 23/08/2026 09:40",
Atalanta,Scamacca,,BALLOTTAGGIO,"Probabile XI; ballottaggio con Krstovic. Fantacalcio.it probabili 2026/27, agg. 23/08/2026 09:40",
Atalanta,Raspadori,4371,TITOLARE,"Probabile XI; ballottaggio con Elmas. Fantacalcio.it probabili 2026/27, agg. 23/08/2026 09:40",
Atalanta,Zappacosta,554,BALLOTTAGGIO,"Parte davanti a Bellanova sulla fascia destra. SOS Fanta guida 2026/27, pag. 2.",
Atalanta,Hien,,RISERVA,"Fuori fino a ottobre inoltrato; al rientro si giochera il posto. SOS Fanta guida 2026/27, pag. 2.",
Atalanta,Pasalic,,RISERVA,"Non e titolare fisso ed entra nelle rotazioni dall'inizio o a gara in corso. SOS Fanta guida 2026/27, pag. 3.",
Atalanta,Krstovic,,BALLOTTAGGIO,"Alternativa in ballottaggio con Scamacca. Fantacalcio.it probabili 2026/27, agg. 23/08/2026 09:40",
Atalanta,Elmas,,RISERVA,"Parte dietro a Samardzic ed e un'alternativa tra mezzala ed esterno. SOS Fanta guida 2026/27, pag. 3.",
Atalanta,Ahanor,6916,BALLOTTAGGIO,"Si gioca il posto a sinistra con Bernasconi. SOS Fanta guida 2026/27, pag. 2.",
Atalanta,Kossounou,5578,BALLOTTAGGIO,"Insegue nelle gerarchie e rientra nella concorrenza per i posti centrali. SOS Fanta guida 2026/27, pag. 2.",
Atalanta,Zalewski,5422,RISERVA,"Non e titolare fisso, ma entra regolarmente nelle rotazioni. SOS Fanta guida 2026/27, pag. 3.",
Bologna,Skorupski,133,TITOLARE,"SOS Fanta gerarchia portieri 2026/27: primo. È rimasto Skorupski, è lui il titolare del Bologna tra i pali. È partito invece Ravaglia che voleva maggior spazio, è stato così promosso Pessina al ruolo di vice. Completa la gerarchia il classe 2007 Happonen.",PRIMO
Bologna,Zortea,,BALLOTTAGGIO,"Si gioca il posto a destra con Holm e De Silvestri. SOS Fanta guida 2026/27, pag. 2.",
Bologna,Vitik,,BALLOTTAGGIO,"Probabile XI; ballottaggio con Casale. Fantacalcio.it probabili 2026/27, agg. 23/08/2026 09:40",
Bologna,Heggem,7212,BALLOTTAGGIO,"Probabile XI senza ballottaggio esplicito. Fantacalcio.it probabili 2026/27, agg. 23/08/2026 09:40",
Bologna,Miranda,,TITOLARE,"Probabile XI senza ballottaggio esplicito. Fantacalcio.it probabili 2026/27, agg. 23/08/2026 09:40",
Bologna,Moro,6054,TITOLARE,"Si gioca un posto in mediana con Pobega. SOS Fanta guida 2026/27, pag. 3.",
Bologna,Ferguson,,TITOLARE,"Probabile XI senza ballottaggio esplicito. Fantacalcio.it probabili 2026/27, agg. 23/08/2026 09:40",
Bologna,Orsolini,2167,BALLOTTAGGIO,"Probabile XI senza ballottaggio esplicito. Fantacalcio.it probabili 2026/27, agg. 23/08/2026 09:40",
Bologna,Bernardeschi,,BALLOTTAGGIO,"Probabile XI; ballottaggio con Amondarain / Odgaard. Fantacalcio.it probabili 2026/27, agg. 23/08/2026 09:40",
Bologna,Rowe,,BALLOTTAGGIO,"Probabile XI; ballottaggio con Cambiaghi. Fantacalcio.it probabili 2026/27, agg. 23/08/2026 09:40",
Bologna,Dovbyk,6675,BALLOTTAGGIO,SOS Fanta guida attaccanti 2026/27: davanti a Piccoli nella gerarchia iniziale. Fonte utente.,
Bologna,Casale,,BALLOTTAGGIO,"Alternativa in ballottaggio con Vitik. Fantacalcio.it probabili 2026/27, agg. 23/08/2026 09:40",
Bologna,Amondarain,,RISERVA,"Non parte titolare e potra entrare nelle rotazioni dopo l'ambientamento. SOS Fanta guida 2026/27, pag. 3.",
Bologna,Cambiaghi,,BALLOTTAGGIO,"Alternativa in ballottaggio con Rowe. Fantacalcio.it probabili 2026/27, agg. 23/08/2026 09:40",
Bologna,Odgaard,,RISERVA,"Non parte titolare ed e soprattutto un'alternativa da gara in corso. SOS Fanta guida 2026/27, pag. 3.",
Bologna,Piccoli,,BALLOTTAGGIO,"Alternativa in ballottaggio con Dovbyk. Fantacalcio.it probabili 2026/27, agg. 23/08/2026 09:40",
Bologna,Alhassane,,BALLOTTAGGIO,"Insidia Miranda sulla fascia sinistra. SOS Fanta guida 2026/27, pag. 2.",
Bologna,De Silvestri,487,BALLOTTAGGIO,"Si gioca il posto a destra con Zortea e Holm. SOS Fanta guida 2026/27, pag. 2.",
Bologna,Holm,5678,BALLOTTAGGIO,"Si gioca il posto a destra con Zortea e De Silvestri. SOS Fanta guida 2026/27, pag. 2.",
Bologna,Pobega,5298,TITOLARE,"Potenziale titolare in mediana; gerarchia aperta con Moro. SOS Fanta guida 2026/27, pag. 3.",
Bologna,Pessina Mas.,7172,RISERVA,"SOS Fanta gerarchia portieri 2026/27: secondo. È rimasto Skorupski, è lui il titolare del Bologna tra i pali. È partito invece Ravaglia che voleva maggior spazio, è stato così promosso Pessina al ruolo di vice. Completa la gerarchia il classe 2007 Happonen.",SECONDO
Cagliari,Caprile,4360,TITOLARE,"SOS Fanta gerarchia portieri 2026/27: primo. Nessun dubbio sulla titolarità di Caprile, è la primissima scelta di Pisacane tra i pali. Alle sue spalle invece la situazione è in divenire: rumors di mercato sia su Sherri che su Radunovic, da capire se resteranno entrambi o solo uno dei due. Al momento più Sherri come vice tra i due.",PRIMO
Cagliari,Ze Pedro,,TITOLARE,"Probabile XI senza ballottaggio esplicito. Fantacalcio.it probabili 2026/27, agg. 23/08/2026 09:40",
Cagliari,Mina,4210,BALLOTTAGGIO,"Probabile XI senza ballottaggio esplicito. Fantacalcio.it probabili 2026/27, agg. 23/08/2026 09:40",
Cagliari,Rodriguez,7268,TITOLARE,"Probabile XI; ballottaggio con Kofler. Fantacalcio.it probabili 2026/27, agg. 23/08/2026 09:40",
Cagliari,Obert,,TITOLARE,"Probabile XI senza ballottaggio esplicito. Fantacalcio.it probabili 2026/27, agg. 23/08/2026 09:40",
Cagliari,Adopo,4870,TITOLARE,"Non e titolare fisso: alterna partenze dal primo minuto e ingressi. SOS Fanta guida 2026/27, pag. 3.",
Cagliari,Winks,,TITOLARE,"Probabile XI senza ballottaggio esplicito. Fantacalcio.it probabili 2026/27, agg. 23/08/2026 09:40",
Cagliari,Romano,7311,TITOLARE,"Probabile XI; ballottaggio con Prati / Fadera. Fantacalcio.it probabili 2026/27, agg. 23/08/2026 09:40",
Cagliari,Fazzini,,TITOLARE,"Probabile XI senza ballottaggio esplicito. Fantacalcio.it probabili 2026/27, agg. 23/08/2026 09:40",
Cagliari,Kevin Carlos,,BALLOTTAGGIO,"Si candida da centravanti con Borrelli e Mendy concorrenti per la maglia. SOS Fanta guida 2026/27, pag. 4.",
Cagliari,Maldini,,TITOLARE,"Indicato come titolare di base nel reparto offensivo di Pisacane. SOS Fanta guida 2026/27, pag. 4.",
Cagliari,Kofler,,BALLOTTAGGIO,"Alternativa in ballottaggio con Rodriguez. Fantacalcio.it probabili 2026/27, agg. 23/08/2026 09:40",
Cagliari,Prati,,BALLOTTAGGIO,"Alternativa in ballottaggio con Romano. Fantacalcio.it probabili 2026/27, agg. 23/08/2026 09:40",
Cagliari,Fadera,,BALLOTTAGGIO,"Alternativa in ballottaggio con Romano. Fantacalcio.it probabili 2026/27, agg. 23/08/2026 09:40",
Cagliari,Mendy,,BALLOTTAGGIO,"Alternativa in ballottaggio con Maldini. Fantacalcio.it probabili 2026/27, agg. 23/08/2026 09:40",
Cagliari,Zappa,,RISERVA,"Panchina G1 (40%): alternativa difensiva. Fantacalcio.it probabili G1, agg. 22/08/2026",
Cagliari,Borrelli,6243,BALLOTTAGGIO,"Concorre con Kevin Carlos e Mendy per il posto da centravanti. SOS Fanta guida 2026/27, pag. 4.",
Cagliari,Deiola,1871,BALLOTTAGGIO,"E un giocatore da rotazioni piu che un titolare. SOS Fanta guida 2026/27, pag. 3.",
Como,Butez,6966,TITOLARE,"SOS Fanta gerarchia portieri 2026/27: primo. Nessun dubbio sul titolare del Como di Fabregas, è Butez che è stato grande protagonista in positivo nella scorsa stagione. Alle sue spalle il vice è Audero, completa la gerarchia Vigorito.",PRIMO
Como,Couto,,BALLOTTAGGIO,"Probabile XI; ballottaggio con Smolcic. Fantacalcio.it probabili 2026/27, agg. 23/08/2026 09:40",
Como,Chalobah,5641,TITOLARE,"SOS Fanta guida difensori 2026/27: punto fermo del Como, titolare atteso. Fonte utente.",
Como,Ramon,6869,BALLOTTAGGIO,"Probabile XI senza ballottaggio esplicito. Fantacalcio.it probabili 2026/27, agg. 23/08/2026 09:40",
Como,Kaiki,,BALLOTTAGGIO,"Probabile XI; ballottaggio con Valle. Fantacalcio.it probabili 2026/27, agg. 23/08/2026 09:40",
Como,Da Cunha,5559,BALLOTTAGGIO,"Probabile XI senza ballottaggio esplicito. Fantacalcio.it probabili 2026/27, agg. 23/08/2026 09:40",
Como,Perrone,6151,BALLOTTAGGIO,"Probabile XI senza ballottaggio esplicito. Fantacalcio.it probabili 2026/27, agg. 23/08/2026 09:40",
Como,Diao,,BALLOTTAGGIO,"Probabile XI; ballottaggio con Rodriguez. Fantacalcio.it probabili 2026/27, agg. 23/08/2026 09:40",
Como,Paz,,TITOLARE,"Probabile XI senza ballottaggio esplicito. Fantacalcio.it probabili 2026/27, agg. 23/08/2026 09:40",
Como,Baturina,,TITOLARE,"Probabile XI; ballottaggio con Caqueret. Fantacalcio.it probabili 2026/27, agg. 23/08/2026 09:40",
Como,Douvikas,7017,TITOLARE,"Probabile XI senza ballottaggio esplicito. Fantacalcio.it probabili 2026/27, agg. 23/08/2026 09:40",
Como,Smolcic,,BALLOTTAGGIO,"Alternativa in ballottaggio con Couto. Fantacalcio.it probabili 2026/27, agg. 23/08/2026 09:40",
Como,Kempf,6893,BALLOTTAGGIO,"Con l'arrivo di Chalobah non e piu titolare fisso ed entra nelle rotazioni. SOS Fanta guida 2026/27, pag. 2.",
Como,Valle,,BALLOTTAGGIO,"Alternativa in ballottaggio con Kaiki. Fantacalcio.it probabili 2026/27, agg. 23/08/2026 09:40",
Como,Rodriguez,7129,BALLOTTAGGIO,"Alternativa in ballottaggio con Diao. Fantacalcio.it probabili 2026/27, agg. 23/08/2026 09:40",
Como,Caqueret,,RISERVA,"Non e titolare fisso; e un'opzione di rotazione tra centrocampo e trequarti. SOS Fanta guida 2026/27, pag. 3.",
Como,Addai,7127,RISERVA,"SOS Fanta guida centrocampisti 2026/27: recupero da rottura del tendine d'Achille, prudenza. Fonte utente.",
Como,Milla,7412,BALLOTTAGGIO,"Concorre con Da Cunha e Perrone per i posti in mediana. SOS Fanta guida 2026/27, pag. 3.",
Como,Van Der Brempt,6896,TITOLARE,"Rientra nella concorrenza sulla fascia destra con Couto e Smolcic. SOS Fanta guida 2026/27, pag. 2.",
Fiorentina,De Gea,2521,TITOLARE,"SOS Fanta gerarchia portieri 2026/27: primo. Il titolare tra i pali della Fiorentina è De Gea, se rimane in viola non ci sono dubbi. Alle sue spalle Christensen come vice, completa il terzetto Lezzerini.",PRIMO
Fiorentina,Jimenez,,BALLOTTAGGIO,"Probabile XI; ballottaggio con Joao Mario. Fantacalcio.it probabili 2026/27, agg. 23/08/2026 09:40",
Fiorentina,Dragusin,,TITOLARE,"Probabile XI senza ballottaggio esplicito. Fantacalcio.it probabili 2026/27, agg. 23/08/2026 09:40",
Fiorentina,Viery,7410,BALLOTTAGGIO,"Parte avanti nelle gerarchie della nuova difesa viola. SOS Fanta guida 2026/27, pag. 2.",
Fiorentina,Valdepenas,7294,BALLOTTAGGIO,"Probabile XI senza ballottaggio esplicito. Fantacalcio.it probabili 2026/27, agg. 23/08/2026 09:40",
Fiorentina,Ndour,6294,TITOLARE,"Non parte titolare; Atta e davanti nelle gerarchie. SOS Fanta guida 2026/27, pag. 3.",
Fiorentina,Oulai,,BALLOTTAGGIO,"Probabile XI; ballottaggio con Fagioli. Fantacalcio.it probabili 2026/27, agg. 23/08/2026 09:40",
Fiorentina,Atta,,TITOLARE,"Probabile XI senza ballottaggio esplicito. Fantacalcio.it probabili 2026/27, agg. 23/08/2026 09:40",
Fiorentina,Mastantuono,,TITOLARE,"Probabile XI senza ballottaggio esplicito. Fantacalcio.it probabili 2026/27, agg. 23/08/2026 09:40",
Fiorentina,Kean,,TITOLARE,"Probabile XI senza ballottaggio esplicito. Fantacalcio.it probabili 2026/27, agg. 23/08/2026 09:40",
Fiorentina,Gudmundsson,,TITOLARE,"Probabile XI senza ballottaggio esplicito. Fantacalcio.it probabili 2026/27, agg. 23/08/2026 09:40",
Fiorentina,Joao Mario,,BALLOTTAGGIO,"Alternativa in ballottaggio con Jimenez. Fantacalcio.it probabili 2026/27, agg. 23/08/2026 09:40",
Fiorentina,Ranieri,,BALLOTTAGGIO,"Alternativa in ballottaggio con Viery. Fantacalcio.it probabili 2026/27, agg. 23/08/2026 09:40",
Fiorentina,Fagioli,,TITOLARE,"E il titolare iniziale in cabina di regia per Grosso. SOS Fanta guida 2026/27, pag. 3.",
Fiorentina,Mandragora,,BALLOTTAGGIO,"Alternativa in ballottaggio con Ndour. Fantacalcio.it probabili 2026/27, agg. 23/08/2026 09:40",
Fiorentina,Pongracic,,RISERVA,"Panchina G1: alternativa difensiva. Fantacalcio.it probabili G1, agg. 22/08/2026",
Fiorentina,Pellegrino M.,7023,TITOLARE,"E la prima alternativa offensiva e puo incidere a gara in corso. SOS Fanta guida 2026/27, pag. 4.",
Frosinone,Palmisani,6415,BALLOTTAGGIO,"SOS Fanta gerarchia portieri 2026/27: primo/secondo. Dualismo vero e proprio in casa Frosinone per quanto riguarda il portiere titolare. Del 2004 Palmisani, titolare nella scorsa stagione in Serie B; del 2003 il nuovo arrivato Desplanches, investimento per presente e futuro del club. Si giocheranno il posto sin dal ritiro estivo, al momento è una gerarchia apertissima. Seguiranno aggiornamenti già nel corso del pre-campionato in ottica asta. Completa il terzetto Pisseri.",PRIMO/SECONDO
Frosinone,Oyono A.,6238,BALLOTTAGGIO,"Probabile XI senza ballottaggio esplicito. Fantacalcio.it probabili 2026/27, agg. 23/08/2026 09:40",
Frosinone,Monterisi,4952,BALLOTTAGGIO,"Probabile XI senza ballottaggio esplicito. Fantacalcio.it probabili 2026/27, agg. 23/08/2026 09:40",
Frosinone,Calvani,,BALLOTTAGGIO,"Probabile XI; ballottaggio con Akpoguma. Fantacalcio.it probabili 2026/27, agg. 23/08/2026 09:40",
Frosinone,Bracaglia,,BALLOTTAGGIO,"Probabile XI; ballottaggio con Terzic. Fantacalcio.it probabili 2026/27, agg. 23/08/2026 09:40",
Frosinone,Grillitsch,,TITOLARE,"Probabile XI senza ballottaggio esplicito. Fantacalcio.it probabili 2026/27, agg. 23/08/2026 09:40",
Frosinone,Calò,7472,BALLOTTAGGIO,"Probabile XI senza ballottaggio esplicito. Fantacalcio.it probabili 2026/27, agg. 23/08/2026 09:40",
Frosinone,Cichella,,BALLOTTAGGIO,"Probabile XI; ballottaggio con Zerbin. Fantacalcio.it probabili 2026/27, agg. 23/08/2026 09:40",
Frosinone,Ghedjemis,,TITOLARE,"Probabile XI senza ballottaggio esplicito. Fantacalcio.it probabili 2026/27, agg. 23/08/2026 09:40",
Frosinone,Raimondo,,BALLOTTAGGIO,"Cerca spazio e deve ancora adattarsi alla Serie A. SOS Fanta guida 2026/27, pag. 4.",
Frosinone,Schmid,,TITOLARE,"Probabile XI senza ballottaggio esplicito. Fantacalcio.it probabili 2026/27, agg. 23/08/2026 09:40",
Frosinone,Akpoguma,7540,TITOLARE,"Alternativa in ballottaggio con Calvani. Fantacalcio.it probabili 2026/27, agg. 23/08/2026 09:40",
Frosinone,Terzic,4375,TITOLARE,"Alternativa in ballottaggio con Bracaglia. Fantacalcio.it probabili 2026/27, agg. 23/08/2026 09:40",
Frosinone,Zerbin,,BALLOTTAGGIO,"Alternativa in ballottaggio con Cichella. Fantacalcio.it probabili 2026/27, agg. 23/08/2026 09:40",
Frosinone,Kvernadze,,TITOLARE,"Nella XI indicata per G1; non nella XI pre-campionato. Fantacalcio.it probabili G1, agg. 22/08/2026",
Frosinone,Masini,6917,BALLOTTAGGIO,"Panchina G1 (55%): alternativa di centrocampo. Fantacalcio.it probabili G1, agg. 22/08/2026",
Frosinone,Desplanches,7463,BALLOTTAGGIO,"SOS Fanta gerarchia portieri 2026/27: primo/secondo. Dualismo vero e proprio in casa Frosinone per quanto riguarda il portiere titolare. Del 2004 Palmisani, titolare nella scorsa stagione in Serie B; del 2003 il nuovo arrivato Desplanches, investimento per presente e futuro del club. Si giocheranno il posto sin dal ritiro estivo, al momento è una gerarchia apertissima. Seguiranno aggiornamenti già nel corso del pre-campionato in ottica asta. Completa il terzetto Pisseri.",PRIMO/SECONDO
Genoa,Bijlow,7332,TITOLARE,"SOS Fanta gerarchia portieri 2026/27: primo. Nessun dubbio sul titolare di casa Genoa, è confermatissimo Bijlow. Ha detto addio Leali in estate e in amichevole ha giocato Stolz e non Sommariva: per questo al momento è più l'austriaco il secondo portiere. Con l'italiano che per ora è dunque il terzo a completare la gerarchia.",PRIMO
Genoa,Marcandalli,,TITOLARE,"Probabile XI senza ballottaggio esplicito. Fantacalcio.it probabili 2026/27, agg. 23/08/2026 09:40",
Genoa,Ostigard,,TITOLARE,"Probabile XI senza ballottaggio esplicito. Fantacalcio.it probabili 2026/27, agg. 23/08/2026 09:40",
Genoa,Vasquez,,TITOLARE,"Probabile XI senza ballottaggio esplicito. Fantacalcio.it probabili 2026/27, agg. 23/08/2026 09:40",
Genoa,Norton-Cuffy,,TITOLARE,"Probabile XI senza ballottaggio esplicito. Fantacalcio.it probabili 2026/27, agg. 23/08/2026 09:40",
Genoa,Frendrup,,TITOLARE,"Probabile XI senza ballottaggio esplicito. Fantacalcio.it probabili 2026/27, agg. 23/08/2026 09:40",
Genoa,Sow,5946,TITOLARE,"Probabile XI; ballottaggio con Amorim. Fantacalcio.it probabili 2026/27, agg. 23/08/2026 09:40",
Genoa,Ellertsson,,BALLOTTAGGIO,"Probabile XI; ballottaggio con Mitaj. Fantacalcio.it probabili 2026/27, agg. 23/08/2026 09:40",
Genoa,Baldanzi,,BALLOTTAGGIO,"Probabile XI; ballottaggio con Traoré. Fantacalcio.it probabili 2026/27, agg. 23/08/2026 09:40",
Genoa,Vitinha,6164,BALLOTTAGGIO,"Per De Rossi va considerato titolare e porta voto con continuita. SOS Fanta guida 2026/27, pag. 4.",
Genoa,Colombo,,TITOLARE,"Probabile XI senza ballottaggio esplicito. Fantacalcio.it probabili 2026/27, agg. 23/08/2026 09:40",
Genoa,Mitaj,7537,BALLOTTAGGIO,SOS Fanta guida difensori 2026/27: titolare atteso a sinistra. Fonte utente.,
Genoa,Amorim,,BALLOTTAGGIO,"Alternativa in ballottaggio con Sow. Fantacalcio.it probabili 2026/27, agg. 23/08/2026 09:40",
Genoa,Traoré,2857,BALLOTTAGGIO,"Alternativa in ballottaggio con Baldanzi. Fantacalcio.it probabili 2026/27, agg. 23/08/2026 09:40",
Genoa,Meichtry,,BALLOTTAGGIO,"Alternativa in ballottaggio con Vitinha. Fantacalcio.it probabili 2026/27, agg. 23/08/2026 09:40",
Genoa,Martin,,RISERVA,"Panchina G1 (50%): alternativa sulla fascia. Fantacalcio.it probabili G1, agg. 22/08/2026",
Genoa,Havel,7453,RISERVA,"Parte dietro nelle gerarchie offensive come alternativa mobile. SOS Fanta guida 2026/27, pag. 4.",
Inter,Martinez Jo.,5116,TITOLARE,"SOS Fanta gerarchia portieri 2026/27: primo. Rivoluzione tra i pali nell'Inter. In partenza, il titolare è Martinez dopo l'addio di Sommer, è stato promosso da Chivu e parte come prima scelta. Alle sue spalle il club ha puntato sull'esperienza e l'affidabilità di Provedel, che dà ampie garanzie: al fantacalcio sono da prendere entrambi per non correre alcun rischio nel corso della stagione. Completa il terzetto Di Gennaro.",PRIMO
Inter,Akanji,,TITOLARE,"Probabile XI senza ballottaggio esplicito. Fantacalcio.it probabili 2026/27, agg. 23/08/2026 09:40",
Inter,Stones,,BALLOTTAGGIO,"Probabile XI; ballottaggio con Bisseck. Fantacalcio.it probabili 2026/27, agg. 23/08/2026 09:40",
Inter,Bastoni,,TITOLARE,"Probabile XI senza ballottaggio esplicito. Fantacalcio.it probabili 2026/27, agg. 23/08/2026 09:40",
Inter,Spence,5982,BALLOTTAGGIO,"Non ha il posto fisso e si gioca la fascia destra con Diouf. SOS Fanta guida 2026/27, pag. 2.",
Inter,Barella,,TITOLARE,"Probabile XI senza ballottaggio esplicito. Fantacalcio.it probabili 2026/27, agg. 23/08/2026 09:40",
Inter,Calhanoglu,,TITOLARE,"Probabile XI senza ballottaggio esplicito. Fantacalcio.it probabili 2026/27, agg. 23/08/2026 09:40",
Inter,Jones,5172,TITOLARE,"SOS Fanta guida centrocampisti 2026/27: progetto da titolare accanto a Barella e Calhanoglu, con rotazioni. Fonte utente.",
Inter,Dimarco,,TITOLARE,"Probabile XI senza ballottaggio esplicito. Fantacalcio.it probabili 2026/27, agg. 23/08/2026 09:40",
Inter,Thuram,4871,TITOLARE,"SOS Fanta guida attaccanti 2026/27: attaccante titolare, Pio Esposito terza punta. Fonte utente.",
Inter,Lautaro Martinez,,TITOLARE,"Probabile XI senza ballottaggio esplicito. Fantacalcio.it probabili 2026/27, agg. 23/08/2026 09:40",
Inter,Bisseck,,BALLOTTAGGIO,"Alternativa in ballottaggio con Stones. Fantacalcio.it probabili 2026/27, agg. 23/08/2026 09:40",
Inter,Diouf,,BALLOTTAGGIO,"Alternativa in ballottaggio con Spence. Fantacalcio.it probabili 2026/27, agg. 23/08/2026 09:40",
Inter,Zielinski,,BALLOTTAGGIO,"Alternativa in ballottaggio con Jones. Fantacalcio.it probabili 2026/27, agg. 23/08/2026 09:40",
Inter,Pio Esposito,,RISERVA,"Non e titolare fisso ed e il terzo attaccante dopo Lautaro e Thuram. SOS Fanta guida 2026/27, pag. 4.",
Inter,Sucic,,RISERVA,"Panchina G1 (60%): prima alternativa di centrocampo. Fantacalcio.it probabili G1, agg. 22/08/2026",
Inter,Provedel,2814,RISERVA,"SOS Fanta gerarchia portieri 2026/27: secondo. Rivoluzione tra i pali nell'Inter. In partenza, il titolare è Martinez dopo l'addio di Sommer, è stato promosso da Chivu e parte come prima scelta. Alle sue spalle il club ha puntato sull'esperienza e l'affidabilità di Provedel, che dà ampie garanzie: al fantacalcio sono da prendere entrambi per non correre alcun rischio nel corso della stagione. Completa il terzetto Di Gennaro.",SECONDO
Inter,Bonny,6669,RISERVA,"E il quarto attaccante nelle gerarchie dell'Inter. SOS Fanta guida 2026/27, pag. 4.",
Inter,Carlos Augusto,5877,RISERVA,"E un comprimario e il principale back-up nelle rotazioni. SOS Fanta guida 2026/27, pag. 2.",
Inter,Luis Henrique,5301,RISERVA,"Insegue nelle gerarchie e ha Diouf davanti. SOS Fanta guida 2026/27, pag. 3.",
Inter,Mkhitaryan,2529,RISERVA,"Non e piu un titolare fisso del centrocampo. SOS Fanta guida 2026/27, pag. 3.",
Inter,Pavard,4177,RISERVA,"Non e titolare e sara un'alternativa nelle rotazioni difensive. SOS Fanta guida 2026/27, pag. 2.",
Juventus,Vicario,4964,TITOLARE,"SOS Fanta gerarchia portieri 2026/27: primo. Il titolare è arrivato dal mercato, si tratta di Guglielmo Vicario: Spalletti è pronto a puntare su di lui. È cambiato anche il secondo, ora c'è Grabara e completa il terzetto Pinsoglio.",PRIMO
Juventus,Kalulu,4976,TITOLARE,SOS Fanta guida difensori 2026/27: titolare e jolly difensivo di Spalletti. Fonte utente.,
Juventus,Bremer,,TITOLARE,"Probabile XI senza ballottaggio esplicito. Fantacalcio.it probabili 2026/27, agg. 23/08/2026 09:40",
Juventus,Lucumì,6042,BALLOTTAGGIO,"Parte davanti a Kelly per affiancare Bremer. SOS Fanta guida 2026/27, pag. 2.",
Juventus,Cambiaso,5520,BALLOTTAGGIO,"Probabile XI senza ballottaggio esplicito. Fantacalcio.it probabili 2026/27, agg. 23/08/2026 09:40",
Juventus,Locatelli,,TITOLARE,"Probabile XI senza ballottaggio esplicito. Fantacalcio.it probabili 2026/27, agg. 23/08/2026 09:40",
Juventus,McKennie,,TITOLARE,"E diventato un intoccabile e Spalletti vi rinuncia raramente. SOS Fanta guida 2026/27, pag. 3.",
Juventus,Conceicao,6884,BALLOTTAGGIO,"Probabile XI senza ballottaggio esplicito. Fantacalcio.it probabili 2026/27, agg. 23/08/2026 09:40",
Juventus,Alajbegovic,,BALLOTTAGGIO,"Probabile XI; ballottaggio con Thuram. Fantacalcio.it probabili 2026/27, agg. 23/08/2026 09:40",
Juventus,Yildiz,,TITOLARE,"Probabile XI senza ballottaggio esplicito. Fantacalcio.it probabili 2026/27, agg. 23/08/2026 09:40",
Juventus,Kolo Muani,,TITOLARE,"Probabile XI senza ballottaggio esplicito. Fantacalcio.it probabili 2026/27, agg. 23/08/2026 09:40",
Juventus,Kelly,6766,BALLOTTAGGIO,"Lucumi e davanti accanto a Bremer; Kelly e la prima riserva dei centrali. SOS Fanta guida 2026/27, pag. 2.",
Juventus,Celik,4657,BALLOTTAGGIO,"SOS Fanta guida difensori 2026/27: alternativa di Kalulu, utile nelle rotazioni. Fonte utente.",
Juventus,Thuram,5562,BALLOTTAGGIO,"E indicato come titolare del centrocampo juventino. SOS Fanta guida 2026/27, pag. 3.",
Juventus,Koopmeiners,,RISERVA,"Panchina G1 (40%): alternativa di centrocampo. Fantacalcio.it probabili G1, agg. 22/08/2026",
Juventus,David,,RISERVA,"Panchina G1 (55%): alternativa offensiva. Fantacalcio.it probabili G1, agg. 22/08/2026",
Juventus,Perin,218,RISERVA,"SOS Fanta guida portieri 2026/27: vice affidabile di Vicario, da abbinare al titolare. Fonte utente.",
Juventus,Boga,2832,RISERVA,"Non garantisce titolarita ed entra nelle rotazioni offensive. SOS Fanta guida 2026/27, pag. 4.",
Juventus,Zhegrova,5761,RISERVA,"Non e titolare e ha davanti giocatori importanti. SOS Fanta guida 2026/27, pag. 3.",
Lazio,Mandas,6482,TITOLARE,"SOS Fanta gerarchia portieri 2026/27: primo. Gerarchia da definire, ma parte davanti Mandas tra i pali nella Lazio con l'arrivo di Gattuso. Alle sue spalle Motta che ha convinto nel finale della scorsa stagione. Completa il terzetto Renzetti visto che Furlanetto si è rotto il crociato e tornerà solo nel 2027.",PRIMO
Lazio,Marusic,,TITOLARE,"Probabile XI senza ballottaggio esplicito. Fantacalcio.it probabili 2026/27, agg. 23/08/2026 09:40",
Lazio,Doekhi,6320,BALLOTTAGGIO,"Probabile XI senza ballottaggio esplicito. Fantacalcio.it probabili 2026/27, agg. 23/08/2026 09:40",
Lazio,Romagnoli,460,BALLOTTAGGIO,"Probabile XI senza ballottaggio esplicito. Fantacalcio.it probabili 2026/27, agg. 23/08/2026 09:40",
Lazio,Pedraza,,BALLOTTAGGIO,"Probabile XI; ballottaggio con Tavares. Fantacalcio.it probabili 2026/27, agg. 23/08/2026 09:40",
Lazio,Taylor,,TITOLARE,"Probabile XI senza ballottaggio esplicito. Fantacalcio.it probabili 2026/27, agg. 23/08/2026 09:40",
Lazio,Rovella,,BALLOTTAGGIO,"Non ha il posto fisso e si gioca il ruolo di regista con Cataldi. SOS Fanta guida 2026/27, pag. 3.",
Lazio,Frattesi,,TITOLARE,"Probabile XI senza ballottaggio esplicito. Fantacalcio.it probabili 2026/27, agg. 23/08/2026 09:40",
Lazio,Cancellieri,,BALLOTTAGGIO,"Probabile XI; ballottaggio con Isaksen. Fantacalcio.it probabili 2026/27, agg. 23/08/2026 09:40",
Lazio,Dia,,BALLOTTAGGIO,"Probabile XI; ballottaggio con Ratkov. Fantacalcio.it probabili 2026/27, agg. 23/08/2026 09:40",
Lazio,Zaccagni,,TITOLARE,"Probabile XI senza ballottaggio esplicito. Fantacalcio.it probabili 2026/27, agg. 23/08/2026 09:40",
Lazio,Tavares,,BALLOTTAGGIO,"Alternativa in ballottaggio con Pedraza. Fantacalcio.it probabili 2026/27, agg. 23/08/2026 09:40",
Lazio,Isaksen,6398,TITOLARE,"E rientrato e, recuperata la condizione, sfidera Cancellieri per il posto. SOS Fanta guida 2026/27, pag. 3.",
Lazio,Ratkov,,BALLOTTAGGIO,"Alternativa in ballottaggio con Dia. Fantacalcio.it probabili 2026/27, agg. 23/08/2026 09:40",
Lazio,Dele-Bashiru,,BALLOTTAGGIO,"Si gioca una maglia da mezzala; solo Taylor ha un posto assegnato. SOS Fanta guida 2026/27, pag. 3.",
Lazio,Noslin,,RISERVA,"Panchina G1 (60%): alternativa offensiva. Fantacalcio.it probabili G1, agg. 22/08/2026",
Lazio,Motta,7337,RISERVA,"SOS Fanta gerarchia portieri 2026/27: secondo. Gerarchia da definire, ma parte davanti Mandas tra i pali nella Lazio con l'arrivo di Gattuso. Alle sue spalle Motta che ha convinto nel finale della scorsa stagione. Completa il terzetto Renzetti visto che Furlanetto si è rotto il crociato e tornerà solo nel 2027.",SECONDO
Lazio,Pinamonti,2038,TITOLARE,"E passato alla Lazio e conserva prospettive da titolare. SOS Fanta guida 2026/27, pag. 4.",
Lazio,Cataldi,333,BALLOTTAGGIO,"Si gioca con Rovella il posto da regista. SOS Fanta guida 2026/27, pag. 3.",
Lecce,Falcone,2134,TITOLARE,"SOS Fanta gerarchia portieri 2026/27: primo. Nessun dubbio sul primo portiere del Lecce, è confermatissimo Wladimiro Falcone. Novità alle spalle: è arrivato Bleve dalla Carrarese e sarà lui il secondo portiere dopo l'addio di Fruchtl, con Penev che dovrebbe essere il terzo.",PRIMO
Lecce,Danilo Veiga,,TITOLARE,"Probabile XI senza ballottaggio esplicito. Fantacalcio.it probabili 2026/27, agg. 23/08/2026 09:40",
Lecce,Gaspar,,TITOLARE,"E il titolare della difesa di Di Francesco; Siebert insegue. SOS Fanta guida 2026/27, pag. 2.",
Lecce,Tiago Gabriel,,TITOLARE,"Probabile XI senza ballottaggio esplicito. Fantacalcio.it probabili 2026/27, agg. 23/08/2026 09:40",
Lecce,Gallo,,TITOLARE,"Probabile XI senza ballottaggio esplicito. Fantacalcio.it probabili 2026/27, agg. 23/08/2026 09:40",
Lecce,Coulibaly,,TITOLARE,"Probabile XI senza ballottaggio esplicito. Fantacalcio.it probabili 2026/27, agg. 23/08/2026 09:40",
Lecce,Ngom,,BALLOTTAGGIO,"Probabile XI; ballottaggio con Gorter. Fantacalcio.it probabili 2026/27, agg. 23/08/2026 09:40",
Lecce,Berisha,,BALLOTTAGGIO,"Probabile XI; ballottaggio con Gandelman. Fantacalcio.it probabili 2026/27, agg. 23/08/2026 09:40",
Lecce,Pierotti,,TITOLARE,"Probabile XI senza ballottaggio esplicito. Fantacalcio.it probabili 2026/27, agg. 23/08/2026 09:40",
Lecce,Geubbels,5029,BALLOTTAGGIO,"E avanti a Stulic nella corsa alla maglia da centravanti. SOS Fanta guida 2026/27, pag. 4.",
Lecce,N'Dri,7001,BALLOTTAGGIO,"Probabile XI senza ballottaggio esplicito. Fantacalcio.it probabili 2026/27, agg. 23/08/2026 09:40",
Lecce,Siebert,,BALLOTTAGGIO,"Alternativa in ballottaggio con Gaspar. Fantacalcio.it probabili 2026/27, agg. 23/08/2026 09:40",
Lecce,Gorter,,BALLOTTAGGIO,"Alternativa in ballottaggio con Ngom. Fantacalcio.it probabili 2026/27, agg. 23/08/2026 09:40",
Lecce,Gandelman,,BALLOTTAGGIO,"Alternativa in ballottaggio con Berisha. Fantacalcio.it probabili 2026/27, agg. 23/08/2026 09:40",
Lecce,Stulic,7252,BALLOTTAGGIO,"Insegue Geubbels nella gerarchia del centravanti. SOS Fanta guida 2026/27, pag. 4.",
Lecce,Maleh,,BALLOTTAGGIO,"Nella XI indicata per G1; alternativa reale in mediana. Fantacalcio.it probabili G1, agg. 22/08/2026",
Lecce,Ivan Ilic,,TITOLARE,"Arriva per essere titolare a centrocampo. SOS Fanta guida 2026/27, pag. 3.",
Lecce,Fatah,,BALLOTTAGGIO,"Puo essere titolare sull'esterno offensivo. SOS Fanta guida 2026/27, pag. 4.",
Milan,Maignan,4312,TITOLARE,"SOS Fanta gerarchia portieri 2026/27: primo. Il titolarissimo tra i pali del Milan è Mike Maignan e non c'è alcun dubbio. Alle sue spalle, secondo Sky, si è ribaltata la situazione col giovane Torriani che sarà il secondo dopo aver disputato un gran precampionato, decisione di Amorim; mentre Terracciano al momento è il terzo ma non è escluso che possa partire. Dovesse andare via, cambierà il terzo, ma il secondo rimane Torriani.",PRIMO
Milan,Gila,,TITOLARE,"Probabile XI senza ballottaggio esplicito. Fantacalcio.it probabili 2026/27, agg. 23/08/2026 09:40",
Milan,Gabbia,4401,TITOLARE,"Il dualismo con De Winter per un posto in difesa e concreto. SOS Fanta guida 2026/27, pag. 2.",
Milan,Pavlovic,,TITOLARE,"Probabile XI senza ballottaggio esplicito. Fantacalcio.it probabili 2026/27, agg. 23/08/2026 09:40",
Milan,Saelemaekers,,BALLOTTAGGIO,"Probabile XI; ballottaggio con Chukwueze. Fantacalcio.it probabili 2026/27, agg. 23/08/2026 09:40",
Milan,Modric,,TITOLARE,"Probabile XI senza ballottaggio esplicito. Fantacalcio.it probabili 2026/27, agg. 23/08/2026 09:40",
Milan,Rabiot,,TITOLARE,"Probabile XI senza ballottaggio esplicito. Fantacalcio.it probabili 2026/27, agg. 23/08/2026 09:40",
Milan,Moreira,,BALLOTTAGGIO,"Si gioca inizialmente il posto a sinistra con Bartesaghi. SOS Fanta guida 2026/27, pag. 3.",
Milan,Pulisic,2423,TITOLARE,"SOS Fanta guida centrocampisti 2026/27: edema osseo e microfrattura, rischio avvio dalla panchina; titolare al recupero. Fonte utente.",
Milan,Leao,,TITOLARE,"Probabile XI senza ballottaggio esplicito. Fantacalcio.it probabili 2026/27, agg. 23/08/2026 09:40",
Milan,Chukwueze,4856,TITOLARE,"Alternativa in ballottaggio con Saelemaekers. Fantacalcio.it probabili 2026/27, agg. 23/08/2026 09:40",
Milan,Jashari,,RISERVA,"Panchina/G1: alternativa di centrocampo. Fantacalcio.it probabili G1, agg. 22/08/2026",
Milan,Loftus-Cheek,,RISERVA,"Nella XI indicata per G1; alternativa tra mediana e trequarti. Fantacalcio.it probabili G1, agg. 22/08/2026",
Milan,De Winter,,BALLOTTAGGIO,"E in ballottaggio concreto con Gabbia dopo il maggiore spazio ricevuto. SOS Fanta guida 2026/27, pag. 2.",
Milan,Ramos G.,6397,TITOLARE,SOS Fanta guida attaccanti 2026/27: nuovo centravanti titolare del Milan. Fonte utente.,
Milan,Bartesaghi,6496,BALLOTTAGGIO,"Contende inizialmente a Moreira il posto sulla corsia sinistra. SOS Fanta guida 2026/27, pagg. 2-3.",
Milan,Cissè A.,6618,BALLOTTAGGIO,"Non e titolare fisso, ma rimane nelle rotazioni di Amorim. SOS Fanta guida 2026/27, pag. 3.",
Monza,Thiam,4485,TITOLARE,"SOS Fanta gerarchia portieri 2026/27: primo. Per il momento c'è Thiam tra i pali del Monza, ma occhio fino all'ultimo al mercato: il club potrebbe prendere un altro portiere per giocarsi la titolarità. Pizzignacco è partito, da capire se arriverà un secondo o un primo. Completa la gerarchia Strajnar.",PRIMO
Monza,Kouadio,,TITOLARE,"Probabile XI senza ballottaggio esplicito. Fantacalcio.it probabili 2026/27, agg. 23/08/2026 09:40",
Monza,Delli Carri,2115,TITOLARE,"Probabile XI; ballottaggio con Lucchesi. Fantacalcio.it probabili 2026/27, agg. 23/08/2026 09:40",
Monza,Carboni,,TITOLARE,"Probabile XI senza ballottaggio esplicito. Fantacalcio.it probabili 2026/27, agg. 23/08/2026 09:40",
Monza,Birindelli,5838,BALLOTTAGGIO,"Probabile XI senza ballottaggio esplicito. Fantacalcio.it probabili 2026/27, agg. 23/08/2026 09:40",
Monza,Tourè,,BALLOTTAGGIO,"Si gioca il posto con Birindelli e puo diventare titolare alla lunga. SOS Fanta guida 2026/27, pag. 3.",
Monza,Akinsanmiro,6593,BALLOTTAGGIO,"Probabile XI senza ballottaggio esplicito. Fantacalcio.it probabili 2026/27, agg. 23/08/2026 09:40",
Monza,Mangas,7485,TITOLARE,"Si gioca il posto sulla fascia sinistra con Azzi. SOS Fanta guida 2026/27, pag. 2.",
Monza,Colpani,,BALLOTTAGGIO,"Probabile XI; ballottaggio con Forson. Fantacalcio.it probabili 2026/27, agg. 23/08/2026 09:40",
Monza,Mota,,BALLOTTAGGIO,"Probabile XI; ballottaggio con Varela. Fantacalcio.it probabili 2026/27, agg. 23/08/2026 09:40",
Monza,Cutrone,,BALLOTTAGGIO,"Puo giocarsi il posto da centravanti ma non e una prima scelta indiscussa. SOS Fanta guida 2026/27, pag. 4.",
Monza,Lucchesi,,BALLOTTAGGIO,"Alternativa in ballottaggio con Delli Carri. Fantacalcio.it probabili 2026/27, agg. 23/08/2026 09:40",
Monza,Forson,,BALLOTTAGGIO,"Alternativa in ballottaggio con Colpani. Fantacalcio.it probabili 2026/27, agg. 23/08/2026 09:40",
Monza,Varela,,TITOLARE,"Parte come centravanti titolare del Monza. SOS Fanta guida 2026/27, pag. 4.",
Monza,Robinson,,RISERVA,"Panchina G1 (55%): alternativa offensiva. Fantacalcio.it probabili G1, agg. 22/08/2026",
Monza,Pessina,2741,TITOLARE,"Intoccabile quando disponibile, ma fuori fino a fine ottobre o inizio novembre. SOS Fanta guida 2026/27, pag. 3.",
Monza,Azzi,,BALLOTTAGGIO,"Contende a Mangas il posto sulla fascia sinistra. SOS Fanta guida 2026/27, pag. 2.",
Napoli,Meret,572,TITOLARE,"SOS Fanta gerarchia portieri 2026/27: primo. Occhio alla gerarchia in porta con l'arrivo di Allegri. Niente più alternanza, l'allenatore lo ha chiarito anche in conferenza: ci sarà un primo e un secondo. E Meret è la prima scelta del nuovo allenatore, con Milinkovic come secondo. A oggi, sarebbe comunque obbligatorio avere entrambi in rosa al fantacalcio per non correre alcun rischio. Completa la gerarchia il terzo Contini.",PRIMO
Napoli,Di Lorenzo,,TITOLARE,"Probabile XI senza ballottaggio esplicito. Fantacalcio.it probabili 2026/27, agg. 23/08/2026 09:40",
Napoli,Rrahmani,,TITOLARE,"Probabile XI senza ballottaggio esplicito. Fantacalcio.it probabili 2026/27, agg. 23/08/2026 09:40",
Napoli,Beukema,,BALLOTTAGGIO,"Probabile XI; ballottaggio con Buongiorno. Fantacalcio.it probabili 2026/27, agg. 23/08/2026 09:40",
Napoli,Spinazzola,1852,TITOLARE,SOS Fanta guida difensori 2026/27: davanti a Olivera nella gerarchia iniziale. Fonte utente.,
Napoli,De Bruyne,2517,TITOLARE,"Probabile XI; ballottaggio con Anguissa / Vergara. Fantacalcio.it probabili 2026/27, agg. 23/08/2026 09:40",
Napoli,Lobotka,,TITOLARE,"Probabile XI senza ballottaggio esplicito. Fantacalcio.it probabili 2026/27, agg. 23/08/2026 09:40",
Napoli,McTominay,,TITOLARE,"Probabile XI senza ballottaggio esplicito. Fantacalcio.it probabili 2026/27, agg. 23/08/2026 09:40",
Napoli,Politano,536,BALLOTTAGGIO,"Inizia la stagione da titolare a destra nel tridente di Allegri. SOS Fanta guida 2026/27, pag. 3.",
Napoli,Hojlund,,TITOLARE,"Probabile XI senza ballottaggio esplicito. Fantacalcio.it probabili 2026/27, agg. 23/08/2026 09:40",
Napoli,Alisson Santos,,TITOLARE,"Probabile XI senza ballottaggio esplicito. Fantacalcio.it probabili 2026/27, agg. 23/08/2026 09:40",
Napoli,Buongiorno,2724,RISERVA,"SOS Fanta guida difensori 2026/27: post menisco, rientro atteso dopo la sosta di novembre. Fonte utente.",
Napoli,Olivera,,BALLOTTAGGIO,"Alternativa in ballottaggio con Spinazzola. Fantacalcio.it probabili 2026/27, agg. 23/08/2026 09:40",
Napoli,Anguissa,4220,BALLOTTAGGIO,"Alternativa in ballottaggio con De Bruyne. Fantacalcio.it probabili 2026/27, agg. 23/08/2026 09:40",
Napoli,Vergara,,BALLOTTAGGIO,"Alternativa in ballottaggio con De Bruyne. Fantacalcio.it probabili 2026/27, agg. 23/08/2026 09:40",
Napoli,Neres,,BALLOTTAGGIO,"Alternativa in ballottaggio con Politano. Fantacalcio.it probabili 2026/27, agg. 23/08/2026 09:40",
Napoli,Milinkovic-Savic V.,2170,RISERVA,"SOS Fanta gerarchia portieri 2026/27: secondo. Occhio alla gerarchia in porta con l'arrivo di Allegri. Niente più alternanza, l'allenatore lo ha chiarito anche in conferenza: ci sarà un primo e un secondo. E Meret è la prima scelta del nuovo allenatore, con Milinkovic come secondo. A oggi, sarebbe comunque obbligatorio avere entrambi in rosa al fantacalcio per non correre alcun rischio. Completa la gerarchia il terzo Contini.",SECONDO
Napoli,Badiashile,4664,BALLOTTAGGIO,"Per l'emergenza difensiva si gioca subito il posto. SOS Fanta guida 2026/27, pag. 2.",
Napoli,Gilmour,5131,RISERVA,"E il vice di Lobotka in cabina di regia. SOS Fanta guida 2026/27, pag. 3.",
Napoli,Giovane,7162,RISERVA,"Non sara titolare ed e un jolly nelle rotazioni offensive. SOS Fanta guida 2026/27, pag. 4.",
Napoli,Lucca,6215,RISERVA,"Puo rimanere come vice Hojlund; gerarchia subordinata. SOS Fanta guida 2026/27, pag. 4.",
Parma,Daffara,7411,BALLOTTAGGIO,"SOS Fanta gerarchia portieri 2026/27: primo/secondo. È arrivato Daffara dal mercato, saranno lui e Corvi a giocarsi il posto da titolare visto che Suzuki è andato all'Aston Villa. Corvi leggermente avanti perché ha già lavorato con Cuesta, ma occhio a Daffara: il consiglio al fantacalcio è di prenderli entrambi perché la gerarchia è tutta da scrivere. Il terzo è Mazzocchi.",PRIMO/SECONDO
Parma,Delprato,,TITOLARE,"Probabile XI senza ballottaggio esplicito. Fantacalcio.it probabili 2026/27, agg. 23/08/2026 09:40",
Parma,Troilo,7235,TITOLARE,"Concorrenza elevata con Valenti e Ndiaye per una maglia in difesa. SOS Fanta guida 2026/27, pag. 2.",
Parma,Valenti,,TITOLARE,"Probabile XI senza ballottaggio esplicito. Fantacalcio.it probabili 2026/27, agg. 23/08/2026 09:40",
Parma,Valeri,,TITOLARE,"Probabile XI senza ballottaggio esplicito. Fantacalcio.it probabili 2026/27, agg. 23/08/2026 09:40",
Parma,Keita,,TITOLARE,"Probabile XI senza ballottaggio esplicito. Fantacalcio.it probabili 2026/27, agg. 23/08/2026 09:40",
Parma,Nicolussi Caviglia,,BALLOTTAGGIO,"Probabile XI; ballottaggio con Sorensen. Fantacalcio.it probabili 2026/27, agg. 23/08/2026 09:40",
Parma,Bernabé,,TITOLARE,"Probabile XI senza ballottaggio esplicito. Fantacalcio.it probabili 2026/27, agg. 23/08/2026 09:40",
Parma,Frigan,,BALLOTTAGGIO,"Probabile XI; ballottaggio con Diallo. Fantacalcio.it probabili 2026/27, agg. 23/08/2026 09:40",
Parma,Romero,,BALLOTTAGGIO,"Probabile XI; ballottaggio con Elphege. Fantacalcio.it probabili 2026/27, agg. 23/08/2026 09:40",
Parma,Tourè,,TITOLARE,"Probabile XI senza ballottaggio esplicito. Fantacalcio.it probabili 2026/27, agg. 23/08/2026 09:40",
Parma,Corvi,6662,BALLOTTAGGIO,"SOS Fanta gerarchia portieri 2026/27: primo/secondo. È arrivato Daffara dal mercato, saranno lui e Corvi a giocarsi il posto da titolare visto che Suzuki è andato all'Aston Villa. Corvi leggermente avanti perché ha già lavorato con Cuesta, ma occhio a Daffara: il consiglio al fantacalcio è di prenderli entrambi perché la gerarchia è tutta da scrivere. Il terzo è Mazzocchi.",PRIMO/SECONDO
Parma,Sorensen,,BALLOTTAGGIO,"Alternativa in ballottaggio con Nicolussi Caviglia. Fantacalcio.it probabili 2026/27, agg. 23/08/2026 09:40",
Parma,Diallo,,BALLOTTAGGIO,"Alternativa in ballottaggio con Frigan. Fantacalcio.it probabili 2026/27, agg. 23/08/2026 09:40",
Parma,Elphege,,BALLOTTAGGIO,"Alternativa in ballottaggio con Romero. Fantacalcio.it probabili 2026/27, agg. 23/08/2026 09:40",
Parma,Ndiaye,,BALLOTTAGGIO,"Nella XI indicata per G1; alternativa reale tra difesa e fascia. Fantacalcio.it probabili G1, agg. 22/08/2026",
Roma,Svilar,5841,TITOLARE,"SOS Fanta gerarchia portieri 2026/27: primo. Nessun dubbio sul titolarissimo, che è Svilar. Alle sue spalle c'è Gollini come vice, completa il terzetto De Marzi. In ritiro c'è anche Vasquez, ma salvo clamorose sorprese lascerà la Roma in questa finestra di mercato.",PRIMO
Roma,Mancini,,TITOLARE,"Probabile XI senza ballottaggio esplicito. Fantacalcio.it probabili 2026/27, agg. 23/08/2026 09:40",
Roma,N'Dicka,,TITOLARE,"Probabile XI senza ballottaggio esplicito. Fantacalcio.it probabili 2026/27, agg. 23/08/2026 09:40",
Roma,Hermoso,,BALLOTTAGGIO,"Probabile XI; ballottaggio con Koulierakis. Fantacalcio.it probabili 2026/27, agg. 23/08/2026 09:40",
Roma,Molina,,TITOLARE,"Probabile XI senza ballottaggio esplicito. Fantacalcio.it probabili 2026/27, agg. 23/08/2026 09:40",
Roma,Koné,,TITOLARE,"Probabile XI senza ballottaggio esplicito. Fantacalcio.it probabili 2026/27, agg. 23/08/2026 09:40",
Roma,Cristante,,TITOLARE,"Probabile XI senza ballottaggio esplicito. Fantacalcio.it probabili 2026/27, agg. 23/08/2026 09:40",
Roma,Wesley,,TITOLARE,"Probabile XI senza ballottaggio esplicito. Fantacalcio.it probabili 2026/27, agg. 23/08/2026 09:40",
Roma,Dybala,309,TITOLARE,"Probabile XI; ballottaggio con Castro. Fantacalcio.it probabili 2026/27, agg. 23/08/2026 09:40",
Roma,Mora,,BALLOTTAGGIO,"Probabile XI; ballottaggio con Pellegrini. Fantacalcio.it probabili 2026/27, agg. 23/08/2026 09:40",
Roma,Malen,,TITOLARE,"Probabile XI senza ballottaggio esplicito. Fantacalcio.it probabili 2026/27, agg. 23/08/2026 09:40",
Roma,Koulierakis,,BALLOTTAGGIO,"Alternativa in ballottaggio con Hermoso. Fantacalcio.it probabili 2026/27, agg. 23/08/2026 09:40",
Roma,Pellegrini,530,BALLOTTAGGIO,"Alternativa in ballottaggio con Mora. Fantacalcio.it probabili 2026/27, agg. 23/08/2026 09:40",
Roma,Castro,,RISERVA,"Malen e davanti; Castro avra spazio nelle rotazioni e potra giocargli accanto. SOS Fanta guida 2026/27, pag. 4.",
Roma,Pisilli,,RISERVA,"Panchina G1 (55%): alternativa di centrocampo/trequarti. Fantacalcio.it probabili G1, agg. 22/08/2026",
Roma,Rensch,,RISERVA,"Panchina G1 (60%): alternativa difensiva/fascia. Fantacalcio.it probabili G1, agg. 22/08/2026",
Roma,El Aynaoui,6271,RISERVA,"Non e titolare ed entra nelle rotazioni. SOS Fanta guida 2026/27, pag. 3.",
Roma,Lulli,,RISERVA,"Molina e il titolare a destra; Lulli e la giovane alternativa. SOS Fanta guida 2026/27, pag. 2.",
Roma,Soulè,5734,BALLOTTAGGIO,"Se rimane avra spazio nelle rotazioni, con molta concorrenza. SOS Fanta guida 2026/27, pag. 4.",
Sassuolo,Muric,4236,TITOLARE,"SOS Fanta gerarchia portieri 2026/27: primo. A sorpresa, Muric è stato riscattato, nonostante avesse detto apertamente di non voler restare per la stagione 26/27. È lui il titolare della squadra, con Turati vice come nella passata stagione. Il terzo è Satalino.",PRIMO
Sassuolo,Walukiewicz,4374,BALLOTTAGGIO,"Probabile XI senza ballottaggio esplicito. Fantacalcio.it probabili 2026/27, agg. 23/08/2026 09:40",
Sassuolo,Idzes,,TITOLARE,"Probabile XI senza ballottaggio esplicito. Fantacalcio.it probabili 2026/27, agg. 23/08/2026 09:40",
Sassuolo,Leysen,7564,BALLOTTAGGIO,"Probabile XI; ballottaggio con Candè. Fantacalcio.it probabili 2026/27, agg. 23/08/2026 09:40",
Sassuolo,Obrador,,BALLOTTAGGIO,"Probabile XI; ballottaggio con Doig. Fantacalcio.it probabili 2026/27, agg. 23/08/2026 09:40",
Sassuolo,Bakola,7036,TITOLARE,"Probabile XI; ballottaggio con Thorstvedt. Fantacalcio.it probabili 2026/27, agg. 23/08/2026 09:40",
Sassuolo,Matic,,TITOLARE,"Probabile XI senza ballottaggio esplicito. Fantacalcio.it probabili 2026/27, agg. 23/08/2026 09:40",
Sassuolo,Adzic,,BALLOTTAGGIO,"Probabile XI; ballottaggio con Lipani. Fantacalcio.it probabili 2026/27, agg. 23/08/2026 09:40",
Sassuolo,Berardi,,TITOLARE,"Probabile XI senza ballottaggio esplicito. Fantacalcio.it probabili 2026/27, agg. 23/08/2026 09:40",
Sassuolo,Bowie,7347,TITOLARE,"Ha piu spazio dopo Pinamonti, ma Sebastiano Esposito parte favorito. SOS Fanta guida 2026/27, pag. 4.",
Sassuolo,Laurientè,,TITOLARE,"Probabile XI senza ballottaggio esplicito. Fantacalcio.it probabili 2026/27, agg. 23/08/2026 09:40",
Sassuolo,Candè,,BALLOTTAGGIO,"Alternativa in ballottaggio con Leysen. Fantacalcio.it probabili 2026/27, agg. 23/08/2026 09:40",
Sassuolo,Doig,,BALLOTTAGGIO,"Alternativa in ballottaggio con Obrador. Fantacalcio.it probabili 2026/27, agg. 23/08/2026 09:40",
Sassuolo,Thorstvedt,5844,BALLOTTAGGIO,"E indicato come titolare fisso del centrocampo neroverde. SOS Fanta guida 2026/27, pag. 3.",
Sassuolo,Lipani,,BALLOTTAGGIO,"Alternativa in ballottaggio con Adzic. Fantacalcio.it probabili 2026/27, agg. 23/08/2026 09:40",
Sassuolo,Turati,4867,RISERVA,"SOS Fanta gerarchia portieri 2026/27: secondo. A sorpresa, Muric è stato riscattato, nonostante avesse detto apertamente di non voler restare per la stagione 26/27. È lui il titolare della squadra, con Turati vice come nella passata stagione. Il terzo è Satalino.",SECONDO
Sassuolo,Sebastiano Esposito,,TITOLARE,"E favorito su Bowie per il ruolo di centravanti o falso nove. SOS Fanta guida 2026/27, pag. 4.",
Sassuolo,Dominguez B.,6895,RISERVA,"Parte dietro a Lauriente nelle gerarchie. SOS Fanta guida 2026/27, pag. 3.",
Sassuolo,Konè I.,6717,RISERVA,"E fuori per infortunio; al recupero tornera titolare. SOS Fanta guida 2026/27, pag. 3.",
Torino,Mascardi,7457,RISERVA,"SOS Fanta gerarchia portieri 2026/27: secondo. Il titolare arriva dal mercato, si tratta di Perri e ormai manca solo l'ufficialità dopo una lunghissima trattativa. Alle sue spalle c'è Mascardi, a oggi completa il reparto Paleari. Ma la situazione tra secondo e terzo portiere non è ancora definita, occhio al mercato.",SECONDO
Torino,Comuzzo,,TITOLARE,"Probabile XI senza ballottaggio esplicito. Fantacalcio.it probabili 2026/27, agg. 23/08/2026 09:40",
Torino,Coco,6642,BALLOTTAGGIO,"E il perno incaricato di guidare la difesa a tre del Torino. SOS Fanta guida 2026/27, pag. 2.",
Torino,Comert,,TITOLARE,"Probabile XI senza ballottaggio esplicito. Fantacalcio.it probabili 2026/27, agg. 23/08/2026 09:40",
Torino,Pedersen,,BALLOTTAGGIO,"Probabile XI; ballottaggio con Fortini. Fantacalcio.it probabili 2026/27, agg. 23/08/2026 09:40",
Torino,Gineitis,6170,TITOLARE,"Si gioca un posto a centrocampo e non parte titolare fisso. SOS Fanta guida 2026/27, pag. 3.",
Torino,Fitz-Jim,7535,TITOLARE,"Dovrebbe trovare spazio, ma non e indicato come titolare fisso. SOS Fanta guida 2026/27, pag. 3.",
Torino,Cacciamani,,TITOLARE,"Probabile XI senza ballottaggio esplicito. Fantacalcio.it probabili 2026/27, agg. 23/08/2026 09:40",
Torino,Casadei,5888,TITOLARE,"Probabile XI; ballottaggio con Oristanio. Fantacalcio.it probabili 2026/27, agg. 23/08/2026 09:40",
Torino,Vlasic,,TITOLARE,"Probabile XI senza ballottaggio esplicito. Fantacalcio.it probabili 2026/27, agg. 23/08/2026 09:40",
Torino,Simeone,,TITOLARE,"Probabile XI senza ballottaggio esplicito. Fantacalcio.it probabili 2026/27, agg. 23/08/2026 09:40",
Torino,Ismajli,,BALLOTTAGGIO,"Alternativa in ballottaggio con Coco. Fantacalcio.it probabili 2026/27, agg. 23/08/2026 09:40",
Torino,Fortini,7069,TITOLARE,"Alternativa in ballottaggio con Pedersen. Fantacalcio.it probabili 2026/27, agg. 23/08/2026 09:40",
Torino,Oristanio,,BALLOTTAGGIO,"Alternativa in ballottaggio con Casadei. Fantacalcio.it probabili 2026/27, agg. 23/08/2026 09:40",
Torino,Aboukhlal,,RISERVA,"Panchina G1 (55%): alternativa offensiva. Fantacalcio.it probabili G1, agg. 22/08/2026",
Torino,Adams,,RISERVA,"Panchina G1 (60%): alternativa offensiva. Fantacalcio.it probabili G1, agg. 22/08/2026",
Torino,Zapata D.,608,RISERVA,"Puo giocare con Simeone, ma non garantisce continuita dopo il recupero. SOS Fanta guida 2026/27, pag. 4.",
Udinese,Okoye,6462,TITOLARE,"SOS Fanta gerarchia portieri 2026/27: primo. Confermato Okoye come primo portiere dell'Udinese, non ci sono dubbi su questo. Alle sue spalle c'è il nuovo arrivato Mrozek, l'esperto Padelli diventa il terzo portiere.",PRIMO
Udinese,Bertola,,BALLOTTAGGIO,"Probabile XI; ballottaggio con Palma. Fantacalcio.it probabili 2026/27, agg. 23/08/2026 09:40",
Udinese,Kabasele,,BALLOTTAGGIO,"Non e titolare inamovibile e si gioca il posto con Bertola e Mlacic. SOS Fanta guida 2026/27, pag. 2.",
Udinese,Solet,,TITOLARE,"Probabile XI senza ballottaggio esplicito. Fantacalcio.it probabili 2026/27, agg. 23/08/2026 09:40",
Udinese,Vojvoda,,TITOLARE,"Probabile XI senza ballottaggio esplicito. Fantacalcio.it probabili 2026/27, agg. 23/08/2026 09:40",
Udinese,Piotrowski,7198,BALLOTTAGGIO,"Probabile XI; ballottaggio con Miller. Fantacalcio.it probabili 2026/27, agg. 23/08/2026 09:40",
Udinese,Karlstrom,,TITOLARE,"Probabile XI senza ballottaggio esplicito. Fantacalcio.it probabili 2026/27, agg. 23/08/2026 09:40",
Udinese,Kamara,,TITOLARE,"Probabile XI senza ballottaggio esplicito. Fantacalcio.it probabili 2026/27, agg. 23/08/2026 09:40",
Udinese,Zaniolo,2766,TITOLARE,"E una prima scelta offensiva, ma lo stop attuale lo terra fuori fino a fine settembre. SOS Fanta guida 2026/27, pag. 3.",
Udinese,Ekkelenkamp,,TITOLARE,"Da mezzala e indicato come titolare; davanti giocano Zaniolo e Davis. SOS Fanta guida 2026/27, pag. 3.",
Udinese,Davis,,TITOLARE,"Probabile XI senza ballottaggio esplicito. Fantacalcio.it probabili 2026/27, agg. 23/08/2026 09:40",
Udinese,Palma,,BALLOTTAGGIO,"Alternativa in ballottaggio con Bertola. Fantacalcio.it probabili 2026/27, agg. 23/08/2026 09:40",
Udinese,Unai Gomez,,RISERVA,"Ha davanti Zaniolo ed Ekkelenkamp nelle gerarchie. SOS Fanta guida 2026/27, pag. 3.",
Udinese,Miller,,BALLOTTAGGIO,"Alternativa in ballottaggio con Piotrowski. Fantacalcio.it probabili 2026/27, agg. 23/08/2026 09:40",
Udinese,Arizala,,RISERVA,"Panchina G1 (55%): alternativa di fascia. Fantacalcio.it probabili G1, agg. 22/08/2026",
Udinese,Bayo,,RISERVA,"Panchina G1 (60%): alternativa offensiva. Fantacalcio.it probabili G1, agg. 22/08/2026",
Udinese,Mlacic,7356,BALLOTTAGGIO,"Concorre con Kabasele e Bertola per un posto in difesa. SOS Fanta guida 2026/27, pag. 2.",
Venezia,Stankovic F.,6248,TITOLARE,"SOS Fanta gerarchia portieri 2026/27: primo. Stankovic è il primo portiere del neopromosso Venezia, dopo una stagione da assoluto protagonista in Serie B. Alle sue spalle c'è Montipò, completa il terzetto Grandi.",PRIMO
Venezia,Schingtienne,,TITOLARE,"Probabile XI senza ballottaggio esplicito. Fantacalcio.it probabili 2026/27, agg. 23/08/2026 09:40",
Venezia,Bella-Kotchap,,TITOLARE,"Probabile XI senza ballottaggio esplicito. Fantacalcio.it probabili 2026/27, agg. 23/08/2026 09:40",
Venezia,Halhal,,BALLOTTAGGIO,"Probabile XI; ballottaggio con Moreno. Fantacalcio.it probabili 2026/27, agg. 23/08/2026 09:40",
Venezia,Hainaut,6821,BALLOTTAGGIO,"Probabile XI senza ballottaggio esplicito. Fantacalcio.it probabili 2026/27, agg. 23/08/2026 09:40",
Venezia,Kike Perez,,BALLOTTAGGIO,"Probabile XI; ballottaggio con Sohm. Fantacalcio.it probabili 2026/27, agg. 23/08/2026 09:40",
Venezia,Busio,,TITOLARE,"Probabile XI senza ballottaggio esplicito. Fantacalcio.it probabili 2026/27, agg. 23/08/2026 09:40",
Venezia,Basic,,TITOLARE,"Probabile XI senza ballottaggio esplicito. Fantacalcio.it probabili 2026/27, agg. 23/08/2026 09:40",
Venezia,Haps,5695,TITOLARE,"Probabile XI; ballottaggio con Correia. Fantacalcio.it probabili 2026/27, agg. 23/08/2026 09:40",
Venezia,Yeboah,6904,BALLOTTAGGIO,"Probabile XI senza ballottaggio esplicito. Fantacalcio.it probabili 2026/27, agg. 23/08/2026 09:40",
Venezia,Akor Adams,,TITOLARE,"L'investimento lo pone avanti nelle gerarchie dell'attacco. SOS Fanta guida 2026/27, pag. 4.",
Venezia,Moreno,,BALLOTTAGGIO,"Alternativa in ballottaggio con Halhal. Fantacalcio.it probabili 2026/27, agg. 23/08/2026 09:40",
Venezia,Correia,,BALLOTTAGGIO,"Alternativa in ballottaggio con Haps. Fantacalcio.it probabili 2026/27, agg. 23/08/2026 09:40",
Venezia,Sohm,5319,BALLOTTAGGIO,"Al Venezia ritrova esplicitamente il posto da titolare. SOS Fanta guida 2026/27, pag. 3.",
Venezia,Rrahmani,7449,BALLOTTAGGIO,"E l'alternativa ad Akor Adams, indicato davanti nelle gerarchie. SOS Fanta guida 2026/27, pag. 4.",
Venezia,Helgason,,RISERVA,"Panchina G1 (55%): alternativa di centrocampo. Fantacalcio.it probabili G1, agg. 22/08/2026",
Venezia,Adorante,4387,RISERVA,"Parte dietro ad Akor Adams ed e fermato da un infortunio. SOS Fanta guida 2026/27, pag. 4.",
Torino,Perri,6534,TITOLARE,"SOS Fanta gerarchia portieri 2026/27: primo. Il titolare arriva dal mercato, si tratta di Perri e ormai manca solo l'ufficialità dopo una lunghissima trattativa. Alle sue spalle c'è Mascardi, a oggi completa il reparto Paleari. Ma la situazione tra secondo e terzo portiere non è ancora definita, occhio al mercato.",PRIMO
Bologna,Theate,,TITOLARE,"Ora ci riprova, sulla carta sarà titolare e sarà appena più di un low cost.",
Roma,Balerdi,,RISERVA,"Alla Roma non parte come titolare ma è un’alternativa, anche al fanta sarà così.",
Atalanta,Kessiè,,TITOLARE,"Questo è uno dei motivi per cui si può considerare di fatto un secondo slot all’asta, l’altro motivo è che sulla carta sarà titolare.",
Monza,Folorunsho,6252,BALLOTTAGGIO,"Dopo i 5 gol al Verona non si è più ripetuto, ci proverà al Monza con Juric che lo vede come titolare.",
Como,Ricci,,BALLOTTAGGIO,"Non è comunque un titolare fisso, Fabregas lo alternerà con gli altri centrocampisti nell’ottica del turnover per la Champions.",
Roma,De Roon,,BALLOTTAGGIO,"Un giocatore così è utile se le gioca tutte, mentre così perde di appeal perché si alternerà con Cristante. Per Gasperini è un fedelissimo, al fanta rimane un low cost ma che non sarà titolare fisso.",
Frosinone,Bobcek,,BALLOTTAGGIO,"Non parte come titolare inizialmente perché Raimondo ha fatto benissimo contro la Fiorentina, però ci sarà dualismo anche perché la società lo ha pagato molto.",
Monza,Ngonge,,TITOLARE,"Ciryl Ngonge prova il rilancio al Monza, dove dovrebbe essere titolare. Dopo i 6 gol al Verona l’esterno d’attacco non si è più confermato, deludendo al Napoli e poi anche al Torino e all’Espanyol. Al Monza almeno giocherà, dovrebbe essere titolare.",
Fiorentina,Dodò,5885,BALLOTTAGGIO,,
Frosinone,Tchato,7605,BALLOTTAGGIO,,
Frosinone,Fini,6506,BALLOTTAGGIO,,
Juventus,Douglas Luiz,4911,BALLOTTAGGIO,,
Lazio,Sutalo J.,7580,BALLOTTAGGIO,,
Lazio,Provstgaard,7012,BALLOTTAGGIO,,
Lazio,Pellegrini Lu.,2728,BALLOTTAGGIO,,
Lecce,Ilic,5007,BALLOTTAGGIO,,
Milan,Estupinan,5273,BALLOTTAGGIO,,
Monza,Ciurria,5880,BALLOTTAGGIO,,
Napoli,Marin R.,6638,BALLOTTAGGIO,,
Parma,Fabbian,6206,BALLOTTAGGIO,,
Parma,Lontani,7561,TITOLARE,,
Udinese,Abankwah,6021,BALLOTTAGGIO,,
Atalanta,Sportiello,4,RISERVA,"SOS Fanta gerarchia portieri 2026/27: secondo. Gerarchia chiara e definita, è rimasta invariata rispetto all'anno scorso. Carnesecchi è il primo portiere, il vice è Sportiello e a completare il terzetto c'è il giovane Vismara.",SECONDO
Atalanta,Vismara,7545,RISERVA,"SOS Fanta gerarchia portieri 2026/27: terzo. Gerarchia chiara e definita, è rimasta invariata rispetto all'anno scorso. Carnesecchi è il primo portiere, il vice è Sportiello e a completare il terzetto c'è il giovane Vismara.",TERZO
Bologna,Happonen,7533,RISERVA,"SOS Fanta gerarchia portieri 2026/27: terzo. È rimasto Skorupski, è lui il titolare del Bologna tra i pali. È partito invece Ravaglia che voleva maggior spazio, è stato così promosso Pessina al ruolo di vice. Completa la gerarchia il classe 2007 Happonen.",TERZO
Cagliari,Sherri,6650,RISERVA,"SOS Fanta gerarchia portieri 2026/27: secondo. Nessun dubbio sulla titolarità di Caprile, è la primissima scelta di Pisacane tra i pali. Alle sue spalle invece la situazione è in divenire: rumors di mercato sia su Sherri che su Radunovic, da capire se resteranno entrambi o solo uno dei due. Al momento più Sherri come vice tra i due.",SECONDO
Cagliari,Radunovic,3,RISERVA,"SOS Fanta gerarchia portieri 2026/27: terzo. Nessun dubbio sulla titolarità di Caprile, è la primissima scelta di Pisacane tra i pali. Alle sue spalle invece la situazione è in divenire: rumors di mercato sia su Sherri che su Radunovic, da capire se resteranno entrambi o solo uno dei due. Al momento più Sherri come vice tra i due.",TERZO
Como,Vigorito,2809,RISERVA,"SOS Fanta gerarchia portieri 2026/27: terzo. Nessun dubbio sul titolare del Como di Fabregas, è Butez che è stato grande protagonista in positivo nella scorsa stagione. Alle sue spalle il vice è Audero, completa la gerarchia Vigorito.",TERZO
Fiorentina,Christensen O.,6403,RISERVA,"SOS Fanta gerarchia portieri 2026/27: secondo. Il titolare tra i pali della Fiorentina è De Gea, se rimane in viola non ci sono dubbi. Alle sue spalle Christensen come vice, completa il terzetto Lezzerini.",SECONDO
Fiorentina,Lezzerini,158,RISERVA,"SOS Fanta gerarchia portieri 2026/27: terzo. Il titolare tra i pali della Fiorentina è De Gea, se rimane in viola non ci sono dubbi. Alle sue spalle Christensen come vice, completa il terzetto Lezzerini.",TERZO
Frosinone,Pisseri,7560,RISERVA,"SOS Fanta gerarchia portieri 2026/27: terzo. Dualismo vero e proprio in casa Frosinone per quanto riguarda il portiere titolare. Del 2004 Palmisani, titolare nella scorsa stagione in Serie B; del 2003 il nuovo arrivato Desplanches, investimento per presente e futuro del club. Si giocheranno il posto sin dal ritiro estivo, al momento è una gerarchia apertissima. Seguiranno aggiornamenti già nel corso del pre-campionato in ottica asta. Completa il terzetto Pisseri.",TERZO
Genoa,Stolz,6569,RISERVA,"SOS Fanta gerarchia portieri 2026/27: secondo. Nessun dubbio sul titolare di casa Genoa, è confermatissimo Bijlow. Ha detto addio Leali in estate e in amichevole ha giocato Stolz e non Sommariva: per questo al momento è più l'austriaco il secondo portiere. Con l'italiano che per ora è dunque il terzo a completare la gerarchia.",SECONDO
Genoa,Sommariva,219,RISERVA,"SOS Fanta gerarchia portieri 2026/27: terzo. Nessun dubbio sul titolare di casa Genoa, è confermatissimo Bijlow. Ha detto addio Leali in estate e in amichevole ha giocato Stolz e non Sommariva: per questo al momento è più l'austriaco il secondo portiere. Con l'italiano che per ora è dunque il terzo a completare la gerarchia.",TERZO
Inter,Di Gennaro,1926,RISERVA,"SOS Fanta gerarchia portieri 2026/27: terzo. Rivoluzione tra i pali nell'Inter. In partenza, il titolare è Martinez dopo l'addio di Sommer, è stato promosso da Chivu e parte come prima scelta. Alle sue spalle il club ha puntato sull'esperienza e l'affidabilità di Provedel, che dà ampie garanzie: al fantacalcio sono da prendere entrambi per non correre alcun rischio nel corso della stagione. Completa il terzetto Di Gennaro.",TERZO
Juventus,Grabara,7603,RISERVA,"SOS Fanta gerarchia portieri 2026/27: secondo. Il titolare è arrivato dal mercato, si tratta di Guglielmo Vicario: Spalletti è pronto a puntare su di lui. È cambiato anche il secondo, ora c'è Grabara e completa il terzetto Pinsoglio.",SECONDO
Juventus,Pinsoglio,1930,RISERVA,"SOS Fanta gerarchia portieri 2026/27: terzo. Il titolare è arrivato dal mercato, si tratta di Guglielmo Vicario: Spalletti è pronto a puntare su di lui. È cambiato anche il secondo, ora c'è Grabara e completa il terzetto Pinsoglio.",TERZO
Lazio,Renzetti,7534,RISERVA,"SOS Fanta gerarchia portieri 2026/27: terzo. Gerarchia da definire, ma parte davanti Mandas tra i pali nella Lazio con l'arrivo di Gattuso. Alle sue spalle Motta che ha convinto nel finale della scorsa stagione. Completa il terzetto Renzetti visto che Furlanetto si è rotto il crociato e tornerà solo nel 2027.",TERZO
Lecce,Bleve,4468,RISERVA,"SOS Fanta gerarchia portieri 2026/27: secondo. Nessun dubbio sul primo portiere del Lecce, è confermatissimo Wladimiro Falcone. Novità alle spalle: è arrivato Bleve dalla Carrarese e sarà lui il secondo portiere dopo l'addio di Fruchtl, con Penev che dovrebbe essere il terzo.",SECONDO
Lecce,Penev,7557,RISERVA,"SOS Fanta gerarchia portieri 2026/27: terzo. Nessun dubbio sul primo portiere del Lecce, è confermatissimo Wladimiro Falcone. Novità alle spalle: è arrivato Bleve dalla Carrarese e sarà lui il secondo portiere dopo l'addio di Fruchtl, con Penev che dovrebbe essere il terzo.",TERZO
Milan,Torriani,6813,RISERVA,"SOS Fanta gerarchia portieri 2026/27: secondo. Il titolarissimo tra i pali del Milan è Mike Maignan e non c'è alcun dubbio. Alle sue spalle, secondo Sky, si è ribaltata la situazione col giovane Torriani che sarà il secondo dopo aver disputato un gran precampionato, decisione di Amorim; mentre Terracciano al momento è il terzo ma non è escluso che possa partire. Dovesse andare via, cambierà il terzo, ma il secondo rimane Torriani.",SECONDO
Milan,Terracciano,2815,RISERVA,"SOS Fanta gerarchia portieri 2026/27: terzo. Il titolarissimo tra i pali del Milan è Mike Maignan e non c'è alcun dubbio. Alle sue spalle, secondo Sky, si è ribaltata la situazione col giovane Torriani che sarà il secondo dopo aver disputato un gran precampionato, decisione di Amorim; mentre Terracciano al momento è il terzo ma non è escluso che possa partire. Dovesse andare via, cambierà il terzo, ma il secondo rimane Torriani.",TERZO
Monza,Strajnar,7475,RISERVA,"SOS Fanta gerarchia portieri 2026/27: terzo. Per il momento c'è Thiam tra i pali del Monza, ma occhio fino all'ultimo al mercato: il club potrebbe prendere un altro portiere per giocarsi la titolarità. Pizzignacco è partito, da capire se arriverà un secondo o un primo. Completa la gerarchia Strajnar.",TERZO
Napoli,Contini,2845,RISERVA,"SOS Fanta gerarchia portieri 2026/27: terzo. Occhio alla gerarchia in porta con l'arrivo di Allegri. Niente più alternanza, l'allenatore lo ha chiarito anche in conferenza: ci sarà un primo e un secondo. E Meret è la prima scelta del nuovo allenatore, con Milinkovic come secondo. A oggi, sarebbe comunque obbligatorio avere entrambi in rosa al fantacalcio per non correre alcun rischio. Completa la gerarchia il terzo Contini.",TERZO
Roma,Gollini,610,RISERVA,"SOS Fanta gerarchia portieri 2026/27: secondo. Nessun dubbio sul titolarissimo, che è Svilar. Alle sue spalle c'è Gollini come vice, completa il terzetto De Marzi. In ritiro c'è anche Vasquez, ma salvo clamorose sorprese lascerà la Roma in questa finestra di mercato.",SECONDO
Roma,De Marzi,7048,RISERVA,"SOS Fanta gerarchia portieri 2026/27: terzo. Nessun dubbio sul titolarissimo, che è Svilar. Alle sue spalle c'è Gollini come vice, completa il terzetto De Marzi. In ritiro c'è anche Vasquez, ma salvo clamorose sorprese lascerà la Roma in questa finestra di mercato.",TERZO
Sassuolo,Satalino,2127,RISERVA,"SOS Fanta gerarchia portieri 2026/27: terzo. A sorpresa, Muric è stato riscattato, nonostante avesse detto apertamente di non voler restare per la stagione 26/27. È lui il titolare della squadra, con Turati vice come nella passata stagione. Il terzo è Satalino.",TERZO
Torino,Paleari,5320,RISERVA,"SOS Fanta gerarchia portieri 2026/27: terzo. Il titolare arriva dal mercato, si tratta di Perri e ormai manca solo l'ufficialità dopo una lunghissima trattativa. Alle sue spalle c'è Mascardi, a oggi completa il reparto Paleari. Ma la situazione tra secondo e terzo portiere non è ancora definita, occhio al mercato.",TERZO
Udinese,Mrozek,7611,RISERVA,"SOS Fanta gerarchia portieri 2026/27: secondo. Confermato Okoye come primo portiere dell'Udinese, non ci sono dubbi su questo. Alle sue spalle c'è il nuovo arrivato Mrozek, l'esperto Padelli diventa il terzo portiere.",SECONDO
Udinese,Padelli,543,RISERVA,"SOS Fanta gerarchia portieri 2026/27: terzo. Confermato Okoye come primo portiere dell'Udinese, non ci sono dubbi su questo. Alle sue spalle c'è il nuovo arrivato Mrozek, l'esperto Padelli diventa il terzo portiere.",TERZO
Venezia,Montipò,4957,RISERVA,"SOS Fanta gerarchia portieri 2026/27: secondo. Stankovic è il primo portiere del neopromosso Venezia, dopo una stagione da assoluto protagonista in Serie B. Alle sue spalle c'è Montipò, completa il terzetto Grandi.",SECONDO
Venezia,Grandi,6671,RISERVA,"SOS Fanta gerarchia portieri 2026/27: terzo. Stankovic è il primo portiere del neopromosso Venezia, dopo una stagione da assoluto protagonista in Serie B. Alle sue spalle c'è Montipò, completa il terzetto Grandi.",TERZO
